{
  "run_id": "run10",
  "timestamp": "2025-09-07 21:16:57",
  "graph_info": {
    "source": "LFR Benchmark",
    "algorithm": "LFR",
    "parameters": {
      "n": 250,
      "tau1": 3,
      "tau2": 1.5,
      "mu": 0.1,
      "average_degree": 5,
      "min_community": 20,
      "seed": 42
    },
    "description": "Synthetic graph generated using LFR benchmark for community detection testing"
  },
  "infomap": {
    "num_communities": 2,
    "metrics": {
      "modularity": 0.18885963012360873,
      "homophily": 0.9883040935672515,
      "avg_conductance": 0.01270295291300878,
      "avg_tpr": 0.432,
      "avg_clustering": 0.14937838182489344
    }
  },
  "louvain": {
    "num_communities": 8,
    "metrics": {
      "modularity": 0.7885218243790111,
      "homophily": 0.9278752436647173,
      "avg_conductance": 0.0723641324587661,
      "avg_tpr": 0.428,
      "avg_clustering": 0.16325997631260789
    }
  }
}