{
  "run_id": "run26",
  "timestamp": "2025-09-08 02:17:31",
  "graph_info": {
    "source": "LFR Benchmark",
    "description": "Synthetic graph generated using LFR benchmark for community detection testing"
  },
  "infomap": {
    "num_communities": 2,
    "metrics": {
      "modularity": 0.18885963012360873,
      "homophily": 0.9883040935672515,
      "avg_conductance": 0.01270295291300878,
      "avg_tpr": 0.432,
      "avg_clustering": 0.14937838182489344
    }
  },
  "louvain": {
    "num_communities": 8,
    "metrics": {
      "modularity": 0.7891221990432004,
      "homophily": 0.9278752436647173,
      "avg_conductance": 0.07208140264622806,
      "avg_tpr": 0.428,
      "avg_clustering": 0.16084323749586907
    }
  }
}