{
  "infomap": [
    {
      "run_id": "run32",
      "description": "num_trials=10",
      "num_communities": 1433,
      "metrics": {
        "modularity": 0.5038929395537881,
        "homophily": 0.5268481273508032,
        "avg_conductance": 0.4894348856508862,
        "avg_tpr": 0.9398259219996652,
        "avg_clustering": 0.4268139954643989
      }
    },
    {
      "run_id": "run37",
      "description": "--directed, num_trials=10",
      "num_communities": 1829,
      "metrics": {
        "modularity": 0.5054512152199173,
        "homophily": 0.5361122611572203,
        "avg_conductance": 0.4781001682023653,
        "avg_tpr": 0.9201610041278321,
        "avg_clustering": 0.4189498275628255
      }
    },
    {
      "run_id": "run40",
      "description": "num_trials=10, FILTERED SMALL COMMUNITIES",
      "num_communities": 1433,
      "metrics": {
        "modularity": 0.5038929391942143,
        "homophily": 0.5268481273508032,
        "community_size_stats": {
          "num_communities": 1433,
          "min_size": 1,
          "max_size": 9743,
          "mean_size": 75.4159106769016,
          "median_size": 7.0,
          "num_singleton": 533,
          "num_size_2": 25,
          "num_size_3": 28,
          "num_small": 586,
          "size_histogram": {
            "1": 533,
            "2": 25,
            "3": 28,
            "4": 37,
            "5": 42,
            "6": 22,
            "7": 30,
            "8": 28,
            "9": 22,
            "10": 21,
            "11": 22,
            "12": 22,
            "13": 16,
            "14": 13,
            "15": 13,
            "16": 15,
            "17": 14,
            "18": 17,
            "19": 21,
            "20": 12,
            "21": 16,
            "22": 15,
            "23": 13,
            "24": 9,
            "25": 7,
            "26": 6,
            "27": 9,
            "28": 12,
            "29": 4,
            "30": 4,
            "31": 10,
            "32": 9,
            "33": 8,
            "34": 6,
            "35": 5,
            "36": 9,
            "37": 5,
            "38": 7,
            "39": 3,
            "40": 6,
            "41": 5,
            "42": 9,
            "43": 4,
            "44": 6,
            "45": 7,
            "46": 3,
            "47": 7,
            "48": 1,
            "49": 5,
            "50": 3,
            "51": 4,
            "52": 3,
            "53": 4,
            "54": 4,
            "55": 4,
            "56": 2,
            "57": 4,
            "58": 2,
            "59": 3,
            "60": 3,
            "61": 6,
            "62": 4,
            "63": 6,
            "64": 1,
            "65": 2,
            "66": 3,
            "67": 2,
            "68": 3,
            "69": 2,
            "70": 3,
            "71": 1,
            "72": 3,
            "73": 5,
            "74": 1,
            "75": 3,
            "76": 2,
            "79": 2,
            "80": 1,
            "81": 2,
            "83": 3,
            "84": 2,
            "86": 3,
            "88": 2,
            "89": 1,
            "90": 2,
            "91": 3,
            "92": 1,
            "94": 1,
            "96": 1,
            "97": 2,
            "99": 1,
            "101": 1,
            "102": 2,
            "104": 1,
            "105": 2,
            "106": 2,
            "107": 3,
            "108": 4,
            "109": 1,
            "110": 1,
            "113": 1,
            "114": 2,
            "115": 3,
            "116": 1,
            "117": 2,
            "118": 1,
            "123": 1,
            "125": 3,
            "127": 1,
            "128": 1,
            "130": 2,
            "131": 1,
            "132": 1,
            "133": 3,
            "134": 1,
            "137": 4,
            "140": 2,
            "142": 1,
            "147": 1,
            "149": 1,
            "151": 1,
            "155": 1,
            "156": 2,
            "157": 3,
            "158": 1,
            "160": 1,
            "161": 1,
            "166": 1,
            "169": 1,
            "172": 1,
            "173": 1,
            "174": 1,
            "175": 1,
            "180": 1,
            "181": 1,
            "185": 1,
            "189": 1,
            "196": 1,
            "198": 1,
            "199": 1,
            "204": 1,
            "205": 2,
            "209": 1,
            "211": 2,
            "217": 1,
            "221": 1,
            "222": 1,
            "223": 1,
            "244": 1,
            "248": 1,
            "249": 2,
            "251": 1,
            "261": 1,
            "272": 1,
            "274": 1,
            "279": 1,
            "281": 1,
            "288": 2,
            "294": 1,
            "298": 1,
            "306": 1,
            "321": 1,
            "323": 2,
            "343": 1,
            "345": 1,
            "346": 2,
            "347": 1,
            "353": 1,
            "356": 1,
            "359": 1,
            "383": 1,
            "403": 1,
            "409": 1,
            "410": 2,
            "412": 1,
            "413": 1,
            "424": 1,
            "426": 1,
            "433": 1,
            "457": 1,
            "502": 1,
            "535": 1,
            "542": 1,
            "543": 1,
            "544": 1,
            "547": 1,
            "552": 1,
            "573": 1,
            "574": 1,
            "605": 1,
            "621": 1,
            "626": 1,
            "707": 1,
            "716": 1,
            "717": 1,
            "752": 1,
            "769": 1,
            "780": 1,
            "811": 1,
            "845": 1,
            "864": 1,
            "933": 1,
            "998": 1,
            "1032": 1,
            "1056": 1,
            "1205": 1,
            "1453": 1,
            "1471": 1,
            "1513": 1,
            "1622": 1,
            "1799": 1,
            "2007": 1,
            "2040": 1,
            "2108": 1,
            "3494": 1,
            "3504": 1,
            "3535": 1,
            "4518": 1,
            "6987": 1,
            "9743": 1
          }
        },
        "avg_conductance": 0.491163403178137,
        "avg_tpr": 0.9351907542263882,
        "avg_clustering": 0.42470897321437323
      }
    },
    {
      "run_id": "run41",
      "description": "--directed, num_trials=10, FILTERED SMALL COMMUNITIES",

      "num_communities": 1829,
      "metrics": {
        "modularity": 0.5054516099283126,
        "homophily": 0.5361134323498633,
        "community_size_stats": {
          "num_communities": 1829,
          "min_size": 1,
          "max_size": 10828,
          "mean_size": 59.08747949699289,
          "median_size": 1.0,
          "num_singleton": 993,
          "num_size_2": 144,
          "num_size_3": 59,
          "num_small": 1196,
          "size_histogram": {
            "1": 993,
            "2": 144,
            "3": 59,
            "4": 56,
            "5": 29,
            "6": 19,
            "7": 8,
            "8": 18,
            "9": 16,
            "10": 14,
            "11": 12,
            "12": 14,
            "13": 7,
            "14": 9,
            "15": 9,
            "16": 13,
            "17": 9,
            "18": 8,
            "19": 10,
            "20": 4,
            "21": 12,
            "22": 9,
            "23": 10,
            "24": 5,
            "25": 7,
            "26": 6,
            "27": 4,
            "28": 4,
            "29": 8,
            "30": 5,
            "31": 9,
            "32": 2,
            "33": 6,
            "34": 6,
            "35": 4,
            "36": 3,
            "38": 2,
            "39": 2,
            "40": 3,
            "41": 2,
            "42": 2,
            "43": 2,
            "44": 7,
            "46": 4,
            "47": 7,
            "48": 3,
            "49": 2,
            "50": 3,
            "51": 3,
            "52": 1,
            "53": 3,
            "54": 5,
            "56": 4,
            "57": 4,
            "58": 3,