{
  "metadata": {
    "generated_at": "2025-10-29T17:39:33.093415",
    "total_communities": 19,
    "llm_model": "mistral",
    "bert_model": "microsoft/deberta-xlarge-mnli",
    "evaluation_methods": [
      "LLM-as-a-Judge",
      "BERT-Score"
    ],
    "combined_score_formula": "0.6 * llm_score + 0.4 * bert_f1"
  },
  "metrics": {
    "total_communities": 19,
    "mean_llm_overall_score": 0.7765789473684211,
    "median_llm_overall_score": 0.8,
    "std_dev_llm_overall": 0.1368905953223935,
    "mean_bert_precision": 0.558037386128777,
    "mean_bert_recall": 0.4300916916445682,
    "mean_bert_f1": 0.6695454120635986,
    "median_bert_f1": 0.6805918216705322,
    "std_dev_bert_f1": 0.062056121300136075,
    "mean_combined_score": 0.7337655332464921,
    "median_combined_score": 0.7633696365356445,
    "std_dev_combined": 0.09434108320398996,
    "llm_match_count_50": 18,
    "llm_match_percentage_50": 94.73684210526315,
    "bert_match_count_50": 19,
    "bert_match_percentage_50": 100.0,
    "combined_match_count_50": 18,
    "combined_match_percentage_50": 94.73684210526315,
    "llm_match_count_60": 17,
    "llm_match_percentage_60": 89.47368421052632,
    "bert_match_count_60": 17,
    "bert_match_percentage_60": 89.47368421052632,
    "combined_match_count_60": 18,
    "combined_match_percentage_60": 94.73684210526315,
    "llm_match_count_70": 16,
    "llm_match_percentage_70": 84.21052631578947,
    "bert_match_count_70": 7,
    "bert_match_percentage_70": 36.84210526315789,
    "combined_match_count_70": 15,
    "combined_match_percentage_70": 78.94736842105263,
    "llm_match_count_80": 10,
    "llm_match_percentage_80": 52.63157894736842,
    "bert_match_count_80": 0,
    "bert_match_percentage_80": 0.0,
    "combined_match_count_80": 4,
    "combined_match_percentage_80": 21.052631578947366,
    "mean_llm_best_match": 0.8,
    "median_llm_best_match": 0.8,
    "avg_categories_per_community": 2.6842105263157894,
    "communities_with_1_category": 0,
    "communities_with_2_categories": 6,
    "communities_with_3_categories": 13,
    "correlation_num_cats_vs_llm_score": -0.1661593756020214,
    "correlation_num_cats_vs_bert_f1": -0.05552496701693522,
    "correlation_num_cats_vs_combined": -0.1592695211014372,
    "correlation_llm_vs_bert": 0.3771953144351788
  },
  "communities": [
    {
      "community_id": 0,
      "categories": [
        "film & tv content",
        "actors & characters"
      ],
      "num_categories": 2,
      "combined_score": 0.8173492097854616,
      "llm_overall_score": 0.9,
      "llm_best_match": 0.9,
      "llm_avg_score": 0.9,
      "bert_precision": 0.5728591680526733,
      "bert_recall": 0.4858399033546448,
      "bert_f1": 0.6933730244636536,
      "keywords": "film, series, season, episodes, characters, man, you, actor, star, show"
    },
    {
      "community_id": 1,
      "categories": [
        "music & album",
        "love song"
      ],
      "num_categories": 2,
      "combined_score": 0.7633696365356445,
      "llm_overall_score": 0.7999999999999999,
      "llm_best_match": 0.8,
      "llm_avg_score": 0.8,
      "bert_precision": 0.5729069709777832,
      "bert_recall": 0.3935812711715698,
      "bert_f1": 0.7084240913391113,
      "keywords": "song, you, love, album, music, don, all, your, that, what"
    },
    {
      "community_id": 2,
      "categories": [
        "global affairs",
        "geography",
        "sports & competitions"
      ],
      "num_categories": 3,
      "combined_score": 0.7085248050689696,
      "llm_overall_score": 0.7599999999999999,
      "llm_best_match": 0.8,
      "llm_avg_score": 0.6666666666666666,
      "bert_precision": 0.4936664402484894,
      "bert_recall": 0.38035261631011963,
      "bert_f1": 0.6313120126724243,
      "keywords": "world, war, south, united, history, olympics, canada, australia, africa, national"
    },
    {
      "community_id": 3,
      "categories": [
        "united states history",
        "american states",
        "national & state affairs"
      ],
      "num_categories": 3,
      "combined_score": 0.8319275522232057,
      "llm_overall_score": 0.9,
      "llm_best_match": 0.9,
      "llm_avg_score": 0.9,
      "bert_precision": 0.569023847579956,
      "bert_recall": 0.4416845738887787,
      "bert_f1": 0.7298188805580139,
      "keywords": "states, united, new, state, act, york, american, national, california, history"
    },
    {
      "community_id": 4,
      "categories": [
        "medical history",
        "american cuisine",
        "human health"
      ],
      "num_categories": 3,
      "combined_score": 0.6438425760269164,
      "llm_overall_score": 0.58,
      "llm_best_match": 0.6,
      "llm_avg_score": 0.5333333333333333,
      "bert_precision": 0.5146653056144714,
      "bert_recall": 0.40201878547668457,
      "bert_f1": 0.7396064400672913,
      "keywords": "cell, history, human, cuisine, system, disease, food, medical, american, muscle"
    },
    {
      "community_id": 5,
      "categories": [
        "power systems",
        "energy sources",
        "historical vehicles"
      ],
      "num_categories": 3,
      "combined_score": 0.7043892803192139,
      "llm_overall_score": 0.74,
      "llm_best_match": 0.8,
      "llm_avg_score": 0.6,
      "bert_precision": 0.5403936505317688,
      "bert_recall": 0.4315303862094879,
      "bert_f1": 0.6509732007980347,
      "keywords": "power, system, energy, engine, history, ford, solar, series, space, number"
    },
    {
      "community_id": 6,
      "categories": [
        "ancient roman art & religion",
        "catholic history & empire"
      ],
      "num_categories": 2,
      "combined_score": 0.7926460084915161,
      "llm_overall_score": 0.885,
      "llm_best_match": 0.9,
      "llm_avg_score": 0.8500000000000001,
      "bert_precision": 0.6401169300079346,
      "bert_recall": 0.5079232454299927,
      "bert_f1": 0.6541150212287903,
      "keywords": "history, church, roman, ancient, art, god, bible, empire, catholic, book"
    },
    {
      "community_id": 7,
      "categories": [
        "sports & culture",
        "south asia",
        "education & technology"
      ],
      "num_categories": 3,
      "combined_score": 0.7086873350143432,
      "llm_overall_score": 0.7599999999999999,
      "llm_best_match": 0.8,
      "llm_avg_score": 0.6666666666666666,
      "bert_precision": 0.535282552242279,
      "bert_recall": 0.42032182216644287,
      "bert_f1": 0.6317183375358582,
      "keywords": "india, indian, cricket, national, pakistan, institute, film, technology, history, world"
    },
    {
      "community_id": 8,
      "categories": [
        "computer games history",
        "video game software",
        "network systems data"
      ],
      "num_categories": 3,
      "combined_score": 0.7229083824157715,
      "llm_overall_score": 0.8,
      "llm_best_match": 0.8,
      "llm_avg_score": 0.8000000000000002,
      "bert_precision": 0.6337160468101501,
      "bert_recall": 0.485377699136734,
      "bert_f1": 0.6072709560394287,
      "keywords": "episodes, computer, video, game, software, system, data, games, history, network"
    },
    {
      "community_id": 9,
      "categories": [
        "social sciences",
        "legal studies",
        "economic & management theory"
      ],
      "num_categories": 3,
      "combined_score": 0.7936661872863771,
      "llm_overall_score": 0.86,
      "llm_best_match": 0.9,
      "llm_avg_score": 0.7666666666666666,
      "bert_precision": 0.5535038113594055,
      "bert_recall": 0.45353618264198303,
      "bert_f1": 0.6941654682159424,
      "keywords": "law, theory, social, management, analysis, history, psychology, market, model, tax"
    },
    {
      "community_id": 10,
      "categories": [
        "sports competitions",
        "american team sports",
        "national seasons"
      ],
      "num_categories": 3,
      "combined_score": 0.770245114326477,
      "llm_overall_score": 0.86,