{
  "metadata": {
    "generated_at": "2025-11-09T00:43:13.924478",
    "total_communities": 19,
    "llm_model": "mistral",
    "bert_model": "microsoft/deberta-xlarge-mnli",
    "evaluation_methods": [
      "LLM-as-a-Judge",
      "BERT-Score"
    ],
    "combined_score_formula": "0.6 * llm_score + 0.4 * bert_f1"
  },
  "metrics": {
    "total_communities": 19,
    "mean_llm_overall_score": 0.7672105263157893,
    "median_llm_overall_score": 0.8,
    "std_dev_llm_overall": 0.18505159309031402,
    "mean_bert_precision": 0.509232161860717,
    "mean_bert_recall": 0.33419135526606913,
    "mean_bert_f1": 0.6792415349107039,
    "median_bert_f1": 0.6815218925476074,
    "std_dev_bert_f1": 0.07010044413782496,
    "mean_combined_score": 0.7320229297537552,
    "median_combined_score": 0.753216534614563,
    "std_dev_combined": 0.12092936831115386,
    "llm_match_count_50": 17,
    "llm_match_percentage_50": 89.47368421052632,
    "bert_match_count_50": 19,
    "bert_match_percentage_50": 100.0,
    "combined_match_count_50": 17,
    "combined_match_percentage_50": 89.47368421052632,
    "llm_match_count_60": 16,
    "llm_match_percentage_60": 84.21052631578947,
    "bert_match_count_60": 16,
    "bert_match_percentage_60": 84.21052631578947,
    "combined_match_count_60": 16,
    "combined_match_percentage_60": 84.21052631578947,
    "llm_match_count_70": 16,
    "llm_match_percentage_70": 84.21052631578947,
    "bert_match_count_70": 7,
    "bert_match_percentage_70": 36.84210526315789,
    "combined_match_count_70": 14,
    "combined_match_percentage_70": 73.68421052631578,
    "llm_match_count_80": 10,
    "llm_match_percentage_80": 52.63157894736842,
    "bert_match_count_80": 1,
    "bert_match_percentage_80": 5.263157894736842,
    "combined_match_count_80": 6,
    "combined_match_percentage_80": 31.57894736842105,
    "mean_llm_best_match": 0.8252631578947368,
    "median_llm_best_match": 0.9,
    "avg_categories_per_community": 2.6842105263157894,
    "communities_with_1_category": 0,
    "communities_with_2_categories": 6,
    "communities_with_3_categories": 13,
    "correlation_num_cats_vs_llm_score": 0.052342359569919616,
    "correlation_num_cats_vs_bert_f1": 0.3695761456296981,
    "correlation_num_cats_vs_combined": 0.13375248065175618,
    "correlation_llm_vs_bert": 0.24247164634093307
  },
  "communities": [
    {
      "community_id": 0,
      "categories": [
        "film & tv content",
        "actors & characters"
      ],
      "num_categories": 2,
      "combined_score": 0.7643768367767334,
      "llm_overall_score": 0.885,
      "llm_best_match": 0.9,
      "llm_avg_score": 0.8500000000000001,
      "bert_precision": 0.4683341085910797,
      "bert_recall": 0.3101620376110077,
      "bert_f1": 0.5834420919418335,
      "keywords": "film, series, season, episodes, characters, man, you, actor, star, show"
    },
    {
      "community_id": 1,
      "categories": [
        "music & album",
        "love song"
      ],
      "num_categories": 2,
      "combined_score": 0.7704253797531129,
      "llm_overall_score": 0.855,
      "llm_best_match": 0.9,
      "llm_avg_score": 0.75,
      "bert_precision": 0.4065505564212799,
      "bert_recall": 0.2515830397605896,
      "bert_f1": 0.643563449382782,
      "keywords": "song, you, love, album, music, don, all, your, that, what"
    },
    {
      "community_id": 2,
      "categories": [
        "global affairs",
        "geography",
        "sports & competitions"
      ],
      "num_categories": 3,
      "combined_score": 0.8004655284881592,
      "llm_overall_score": 0.8200000000000001,
      "llm_best_match": 0.9,
      "llm_avg_score": 0.6333333333333334,
      "bert_precision": 0.5044577717781067,
      "bert_recall": 0.3359544277191162,
      "bert_f1": 0.771163821220398,
      "keywords": "world, war, south, united, history, olympics, canada, australia, africa, national"
    },
    {
      "community_id": 3,
      "categories": [
        "united states history",
        "american states",
        "national & state affairs"
      ],
      "num_categories": 3,
      "combined_score": 0.9051799518585204,
      "llm_overall_score": 0.972,
      "llm_best_match": 0.98,
      "llm_avg_score": 0.9533333333333333,
      "bert_precision": 0.5192718505859375,
      "bert_recall": 0.3278123438358307,
      "bert_f1": 0.8049498796463013,
      "keywords": "states, united, new, state, act, york, american, national, california, history"
    },
    {
      "community_id": 4,
      "categories": [
        "medical history",
        "american cuisine",
        "human health"
      ],
      "num_categories": 3,
      "combined_score": 0.7095015354156494,
      "llm_overall_score": 0.72,
      "llm_best_match": 0.8,
      "llm_avg_score": 0.5333333333333333,
      "bert_precision": 0.4278201162815094,
      "bert_recall": 0.3351214826107025,
      "bert_f1": 0.6937538385391235,
      "keywords": "cell, history, human, cuisine, system, disease, food, medical, american, muscle"
    },
    {
      "community_id": 5,
      "categories": [
        "power systems",
        "energy sources",
        "historical vehicles"
      ],
      "num_categories": 3,
      "combined_score": 0.44660875701904296,
      "llm_overall_score": 0.29,
      "llm_best_match": 0.3,
      "llm_avg_score": 0.26666666666666666,
      "bert_precision": 0.4749217927455902,
      "bert_recall": 0.34821343421936035,
      "bert_f1": 0.6815218925476074,
      "keywords": "power, system, energy, engine, history, ford, solar, series, space, number"
    },
    {
      "community_id": 6,
      "categories": [
        "ancient roman art & religion",
        "catholic history & empire"
      ],
      "num_categories": 2,
      "combined_score": 0.4704250545501709,
      "llm_overall_score": 0.37,
      "llm_best_match": 0.4,
      "llm_avg_score": 0.30000000000000004,
      "bert_precision": 0.5925260782241821,
      "bert_recall": 0.40153998136520386,
      "bert_f1": 0.6210626363754272,
      "keywords": "history, church, roman, ancient, art, god, bible, empire, catholic, book"
    },
    {
      "community_id": 7,
      "categories": [
        "sports & culture",
        "south asia",
        "education & technology"
      ],
      "num_categories": 3,
      "combined_score": 0.6869018611907959,
      "llm_overall_score": 0.76,
      "llm_best_match": 0.9,
      "llm_avg_score": 0.43333333333333335,
      "bert_precision": 0.4388591945171356,
      "bert_recall": 0.3301352560520172,
      "bert_f1": 0.5772546529769897,
      "keywords": "india, indian, cricket, national, pakistan, institute, film, technology, history, world"
    },
    {
      "community_id": 8,
      "categories": [
        "computer games history",
        "video game software",
        "network systems data"
      ],
      "num_categories": 3,
      "combined_score": 0.699977297782898,
      "llm_overall_score": 0.7,
      "llm_best_match": 0.8,
      "llm_avg_score": 0.46666666666666673,
      "bert_precision": 0.4437194764614105,
      "bert_recall": 0.343975692987442,
      "bert_f1": 0.6999432444572449,
      "keywords": "episodes, computer, video, game, software, system, data, games, history, network"
    },
    {
      "community_id": 9,
      "categories": [
        "social sciences",
        "legal studies",
        "economic & management theory"
      ],
      "num_categories": 3,
      "combined_score": 0.753216534614563,
      "llm_overall_score": 0.7599999999999999,
      "llm_best_match": 0.8,
      "llm_avg_score": 0.6666666666666666,
      "bert_precision": 0.5184885263442993,
      "bert_recall": 0.4216974675655365,
      "bert_f1": 0.7430413365364075,
      "keywords": "law, theory, social, management, analysis, history, psychology, market, model, tax"
    },
    {
      "community_id": 10,
      "categories": [
        "sports competitions",
        "american team sports",
        "national seasons"
      ],
      "num_categories": 3,