{
  "run_id": "run32",
  "timestamp": "2025-09-08 12:07:38",
  "graph_info": {
    "source": "NQ (Natural Questions) from Google",
    "description": "Graph constructed from wiki articles citation data in the Natural Questions dataset"
  },
  "infomap": {
    "num_communities": 1433,
    "metrics": {
      "modularity": 0.5038929395537881,
      "homophily": 0.5268481273508032,
      "avg_conductance": 0.4894348856508862,
      "avg_tpr": 0.9398259219996652,
      "avg_clustering": 0.4268139954643989
    }
  },
  "louvain": {
    "num_communities": 553,
    "metrics": {
      "modularity": 0.5961931760523445,
      "homophily": 0.7142083040291174,
      "avg_conductance": 0.2834757907744525,
      "avg_tpr": 0.9613152804642167,
      "avg_clustering": 0.3253757249116554
    }
  }
}